Compound.Name	DTXSID	Calibration	Fup
DTXSID60380390	DTXSID60380390	All Data	0.00523
DTXSID90315130	DTXSID90315130	All Data	0.0248
DTXSID50469320	DTXSID50469320	All Data	0.000474
DTXSID3020209	DTXSID3020209	All Data	0.0236
DTXSID3020209	DTXSID3020209	20201124	0.0206
DTXSID3020209	DTXSID3020209	20210225	0.0264
DTXSID30382104	DTXSID30382104	All Data	0.000773
DTXSID8051419	DTXSID8051419	All Data	0.0123
DTXSID80380256	DTXSID80380256	All Data	0.083
DTXSID90558000	DTXSID90558000	All Data	0.0071
DTXSID50379814	DTXSID50379814	All Data	0.0036
DTXSID50226894	DTXSID50226894	All Data	0.00288
DTXSID40880025	DTXSID40880025	All Data	0.00365
DTXSID50381073	DTXSID50381073	All Data	0.00107
DTXSID5061954	DTXSID5061954	All Data	0.00172
DTXSID4059833	DTXSID4059833	All Data	0.118
DTXSID20375106	DTXSID20375106	All Data	0.0102
DTXSID8059928	DTXSID8059928	All Data	0.665
DTXSID8059926	DTXSID8059926	All Data	0.533
