Compound	DTXSID	Lab.Compound.Name	Fstable.Med	Fstable.Low	Fstable.High	Fup.Med	Fup.Low	Fup.High	Fup.point
8:2 Fluorotelomer sulfonic acid	DTXSID00192353	8:2 FTS	0.934688	0.8940251	0.99980005	0.03955145	0.0371128725	0.0418128075	0.0399924506708811
Perfluorooctanoyl fluoride	DTXSID0059829	PFOA-F	0.999929	0.990732125	0.999999	0.003166725	0.00261464775	0.00374936075	0.00304613841668501
Potassium perfluorobutanesulfonate	DTXSID3037707	K-PFBS	0.999937	0.993683725	0.999999	0.0053596	0.00498367275	0.0057826905	0.00500928607413585
